017fc910335c043,beam8_elec_catalyst_arc
15df8fdf3b79e79,beam8_zm_vision_stone
20c2a0201656fc5,electric_ww_core_beam_green
2d698cf1ec03bd0,beam8_zm_ww_ouranos_wind
33798bfe6ceb38d,beam8_zm_red_sentinel_lightning_strike
3a8910947b2f297,beam8_zm_white_tesla_orb_yellow
3ac77a83bcedc28,beam8_zm_white_elec_arc_blue
3ad5671bf738491,beam8_zm_vision_stone_streaks
3b565dfbea8b2b5,beam8_elec_catalyst_arc_attack_sm
424fe409cd0a236,beam8_zm_spear_charge_bolts
4834d4331ac1fe7,beam8_zm_ww_hemera_charge
4a908a13a172132,beam8_water_cannon
590e92c0a02025f,beam8_zm_red_peg_lightning_strike
6a84522f0e177c3,beam8_zm_red_boss_chaos_slash_teleport
80b460c7a891f16,beam8_zm_mansion_moon_core
84be52e3542afa7,electric_ww_detail_beam_green
853db34f4eacfd7,beam8_zm_challenge_soul_energy
951cbcebc33e477,beam8_zm_red_boss_chaos_slash
9a2bf0e5b0c788b,beam8_ww_scorpion_claw_arc_charged
b157e3f6b4171de,beam8_ww_scorpion_claw_arc_projectile
ba7d9b298b6d388,beam8_zm_red_sentinel_lightning_dome
c06b7d24cf6c124,beam8_zm_mansion_moon_core_launch
c2742b17575ed3b,beam8_elec_avogadro_arc
caa9795f23116b2,beam8_zm_ww_ouranos_charge
cb755f231665fda,beam8_zm_mansion_elec_trap
d40f40fe655dc23,beam8_water_squirt
d8f590cd01c8104,beam8_ww_scorpion_claw_arc
dbb971f98be8984,beam8_zm_white_elec_arc_yellow
ec1de5bd7222d2f,beam8_zm_vision_stone_trails
f3ba5221160930c,beam8_zm_weapons_drag_trail
f6ec538d7f9966c,beam8_zm_mansion_boss
fa7e091a5c6b991,beam8_towers_elec_lightning_rods
fa9aa762e886ae0,beam8_elec_catalyst_arc_attack
febd936b1e6a754,beam8_zm_red_boss_chaos_slash_sm
